index,X,y,y_predicted
36,61,217.6,228.230904
0,108,392.5,387.7869043
51,13,93,65.28009526
58,9,87.4,51.7008612
23,3,13.2,31.3320101
48,8,76.1,48.30605268
35,11,57.2,58.49047823
28,7,27.9,44.91124416
52,13,31.9,65.28009526
32,6,14.6,41.51643565
1,19,46.2,85.64894636
30,0,0,21.14758455
60,14,95.5,68.67490378
